[{"id":54,"repo_name":"jwang36/edk2","fix_commit_hash":"9bf86b12ce04fcb7d997eb1fc8c55fd43d18ab79","bug_commit_hash":["bf9e636605188e291d33ab694ff1c5926b6f0800"],"earliest_issue_date":"2018-12-09T13:34:00","language":["py"],"inducing_commit_hash":["bf9e636605188e291d33ab694ff1c5926b6f0800"]},{"id":57,"repo_name":"jwang36/edk2","fix_commit_hash":"48e890457b06263c1faf04de67652816402f8e06","bug_commit_hash":["72a1d77694d51914c0dd6aa97dbfa58634b0a4a5"],"earliest_issue_date":"2018-12-09T13:31:00","language":["py"],"inducing_commit_hash":["72a1d77694d51914c0dd6aa97dbfa58634b0a4a5"]},{"id":64,"repo_name":"tianocore/edk2","fix_commit_hash":"abc4c3386a50cb97c30ec108f0cb85aef769c267","bug_commit_hash":["b3497bad1221704a5dbc5da0b10f42625f1ad2ed"],"earliest_issue_date":"2018-12-20T09:52:00","language":["py"],"inducing_commit_hash":[]},{"id":77,"repo_name":"kees/linux","fix_commit_hash":"b5aac1368e4ffbbbb6dcad64a9115823f9a40c48","bug_commit_hash":["3edad321b1bd2e6c8b5f38146c115c8982438f06"],"earliest_issue_date":"2014-06-24T17:39:30","language":["c"],"inducing_commit_hash":["3edad321b1bd2e6c8b5f38146c115c8982438f06"]},{"id":93,"repo_name":"magnumripper/JohnTheRipper","fix_commit_hash":"95e56f7d6590742bc61e0db1be7202043f686471","bug_commit_hash":["292b35c90fee0b315f682b140bd360552a5bc381"],"earliest_issue_date":"2014-10-07T03:41:55","language":["py"],"inducing_commit_hash":["292b35c90fee0b315f682b140bd360552a5bc381"]},{"id":110,"repo_name":"danielfalck/FreeCAD","fix_commit_hash":"eb598ffd169657961a9abb9f9e6bc65b8e80dd63","bug_commit_hash":["3523741e96d0b8db338f8f05f13282f90ccbbe67"],"earliest_issue_date":"2014-09-10T20:57:00","language":["cpp"],"inducing_commit_hash":["3523741e96d0b8db338f8f05f13282f90ccbbe67"]},{"id":193,"repo_name":"wanadev/PhotonUI","fix_commit_hash":"ccf072479fbc86a8f5f75ff3239b5e92152d671d","bug_commit_hash":["39f60ba34cb55e8762d89b0556dd51da8cccf8a4"],"earliest_issue_date":"2016-08-19T15:55:11Z","language":["js"],"inducing_commit_hash":["39f60ba34cb55e8762d89b0556dd51da8cccf8a4"]},{"id":206,"repo_name":"pantsbuild/pex","fix_commit_hash":"4d9afa70a099365b3f5e13570f7d930d37a5847d","bug_commit_hash":["fe895b2e24a1ed0bc9574cdd2cf83164983a9b61"],"earliest_issue_date":"2015-04-16T03:48:57","language":["py"],"inducing_commit_hash":["46a45133a03b8ff42b37bd3de3e66d296df3167a","78174e57a94b8ce1e96e516139f52b16490b9032","c0355d7b874e62f62eb5e4110dbb43613bb03ab8","46338fef0ed60d5d8154448cb8ccaf8c49726338","18a6bcf9b1576e36aa75db88e8f7a91383919f4e"]},{"id":210,"repo_name":"lguzzon/Ractive","fix_commit_hash":"e9d4df10ff14e95aef284da9dde0f890eca1f555","bug_commit_hash":["4a35078a8b3eb24193312e3eefce5506908fc2b7"],"earliest_issue_date":"2020-01-01T00:00:00Z","language":["js"],"inducing_commit_hash":["4a35078a8b3eb24193312e3eefce5506908fc2b7","d709ccd0f8b6286d9deb90a6bd124a1d74667cd0"]},{"id":259,"repo_name":"bvanassche/net-snmp","fix_commit_hash":"76ff25d9bf97579e7213102065fd5096f049a4c5","bug_commit_hash":["71d8293f387a6cd66bb0dbb13c0f50174d2e678b"],"earliest_issue_date":"2011-10-06T22:38:00","language":["c"],"inducing_commit_hash":["71d8293f387a6cd66bb0dbb13c0f50174d2e678b"]},{"id":306,"repo_name":"sqlitebrowser/sqlitebrowser","fix_commit_hash":"1110b87d95108f3f01430f7e05aec4c9e7ebc628","bug_commit_hash":["012ad9217a9bb71264bb6c5ad3a1da847610effc"],"earliest_issue_date":"2020-01-01T00:00:00Z","language":["cpp"],"inducing_commit_hash":[]},{"id":310,"repo_name":"mdboom/matplotlib","fix_commit_hash":"b624546ae60dc5878e75a32f41a160d383548b8f","bug_commit_hash":["6938b00255830cb81af2d427b85b7c777d6f5356"],"earliest_issue_date":"2011-10-18T14:20:06","language":["py"],"inducing_commit_hash":["1f5345434a8ba40f25b75797cfa555915125d4c0","7e8b3159cf14855889ba77cc3b8bd44272834f62","3c83fac65034d0717cbdfb20da18a2cce89d5897","e315e90532a5d93ba48088537b94cc3822e662ab","f7217f08be8d8f2aefe87c7c77ce0668ec1da858"]},{"id":353,"repo_name":"Sharpie/vagrant-pe_build","fix_commit_hash":"e540b8c594139d6ef2ccfe3d0f38df522908ad9a","bug_commit_hash":["dfedd3fdc4864040babcdc8526df005e0d4320bc"],"earliest_issue_date":"2016-07-18T00:29:01","language":["rb"],"inducing_commit_hash":["dfedd3fdc4864040babcdc8526df005e0d4320bc"]},{"id":398,"repo_name":"asterisk/asterisk","fix_commit_hash":"d7f4788341f08f386341416aa3944c7f9bc0dc1b","bug_commit_hash":["f8e21a1adf91bfa141771415b19c31236c2f1a17"],"earliest_issue_date":"2020-01-01T00:00:00Z","language":["c"],"inducing_commit_hash":["f8e21a1adf91bfa141771415b19c31236c2f1a17"]},{"id":411,"repo_name":"fuel/core","fix_commit_hash":"26fe1bfb34b379842cf965f47dcdbb0fac6725ea","bug_commit_hash":["6b0e64ce93127a375e0ec7bf1a791f31b5e71d20"],"earliest_issue_date":"2012-08-28T10:05:24","language":["php"],"inducing_commit_hash":["264f19f7b63486e3853d0c9b65913f7b34e458a3","6b0e64ce93127a375e0ec7bf1a791f31b5e71d20"]},{"id":424,"repo_name":"anitazha/systemd","fix_commit_hash":"b9ea3d2e47b3741f3f46ba9c5e19640136933b71","bug_commit_hash":["bd08ce56156751d58584a44e766ef61340cdae2d"],"earliest_issue_date":"2019-05-01T11:08:28","language":["c"],"inducing_commit_hash":["201f0c916d8f65ad2595a651b1371fcd39a4cf55"]},{"id":477,"repo_name":"obspy/obspy","fix_commit_hash":"968ff86ea1f297a32e454962f2ac8b19dcef6769","bug_commit_hash":["6a914e66d02ccd85f68dce2d4956b666459a633b"],"earliest_issue_date":"2014-10-27T21:52:14","language":["py"],"inducing_commit_hash":[]},{"id":496,"repo_name":"PmagPy/PmagPy","fix_commit_hash":"97183a3e00ab26e7556393d201879d04b45215e3","bug_commit_hash":["7f18001a9f836ce5efeedaaca5ed477c605133a9"],"earliest_issue_date":"2020-01-01T00:00:00Z","language":["py"],"inducing_commit_hash":[]},{"id":515,"repo_name":"openstack/cinder","fix_commit_hash":"0903603971033536751ba40df98a3c39175d3189","bug_commit_hash":["9785963c841aff5ea1c159da81f93c2bf62c70c6"],"earliest_issue_date":"2012-09-06T18:45:57","language":["py"],"inducing_commit_hash":["9785963c841aff5ea1c159da81f93c2bf62c70c6"]},{"id":530,"repo_name":"clips/pattern","fix_commit_hash":"93235fe6a554a247d97752204bfc3f7ade11a281","bug_commit_hash":["dc855341aadea1ed56413bb2c1d8f611ff714a48"],"earliest_issue_date":"2017-06-13T21:01:41","language":["py"],"inducing_commit_hash":["dc855341aadea1ed56413bb2c1d8f611ff714a48"]},{"id":531,"repo_name":"openstack/nova","fix_commit_hash":"0a09bf5faeb30b675fdb8f517c61166ef794bad3","bug_commit_hash":["66f6a9edce3ccd624aba5d2a6bf3362901ed57f7"],"earliest_issue_date":"2012-09-06T18:45:57","language":["py"],"inducing_commit_hash":["66f6a9edce3ccd624aba5d2a6bf3362901ed57f7"]},{"id":546,"repo_name":"mozilla/fxa-content-server","fix_commit_hash":"59e38caac1622aa37a11c7f27f88ba48f0b8f461","bug_commit_hash":["11be9bbe396e975c2aa4303e6652fe104e39684f"],"earliest_issue_date":"2014-01-13T11:46:34","language":["js"],"inducing_commit_hash":["11be9bbe396e975c2aa4303e6652fe104e39684f"]},{"id":550,"repo_name":"UniTime/unitime","fix_commit_hash":"5cfacab3dd59b151a5dc265b7f105c3d59ea7b08","bug_commit_hash":["cef417001282614ea8e50c0f29513fa8b02ad575"],"earliest_issue_date":"2017-03-01T13:49:44","language":["java"],"inducing_commit_hash":["10ff15e0ab0326662920ee27a0a723b9e74b8ac8"]},{"id":599,"repo_name":"rjwysocki/linux-pm","fix_commit_hash":"397c60668aa5ae7130b5ad4e73870d7b8a787085","bug_commit_hash":["c8f2f0db1d0294aaf37e8a85bea9bbc4aaf5c0fe"],"earliest_issue_date":"2012-11-05T12:21:00","language":["c"],"inducing_commit_hash":["ba82fe2e691146a92a25c85b611b436dc20f7825","924bd88d703e53d30f393fac6117f8f1bc79aab6","c8f2f0db1d0294aaf37e8a85bea9bbc4aaf5c0fe","8c921b2b43d47faa7c11eac1d2673bbe7fbc41dc"]},{"id":611,"repo_name":"unshiftio/url-parse","fix_commit_hash":"b723b90dcb7576904bd11d99e1dd0d7b397baca6","bug_commit_hash":["9cb3c404f63575fc8cae88bfabae843b885d7d1b"],"earliest_issue_date":"2015-10-08T15:27:40","language":["js"],"inducing_commit_hash":["9cb3c404f63575fc8cae88bfabae843b885d7d1b","d2728acb736a7695bb43127deb7aa41c5bebb996","564dfebcc988370080ec10e5d6c9406418322753","9cb08e65d2d863a92b4845c48e6674c78bdf465d","4a91dd0647772975f5831a085ee446172224b4a2","6cacee878f0eae6eb0dfbbd15092e088b1b96a53"]},{"id":625,"repo_name":"crimsonthunder/Crystal_Kernel_OP6T","fix_commit_hash":"44a6607dcceede5879fa3988d80ca40592f45917","bug_commit_hash":["55d7de9de6c30adce8d675c7ce513e283829c2ff"],"earliest_issue_date":"2018-07-12T20:38:44","language":["c"],"inducing_commit_hash":[]},{"id":663,"repo_name":"SlimRoms/kernel_htc_flounder","fix_commit_hash":"9f60aeaced0c4dc50b668bbf4d4a9c8472283c71","bug_commit_hash":["c8f2f0db1d0294aaf37e8a85bea9bbc4aaf5c0fe"],"earliest_issue_date":"2012-11-05T12:21:00","language":["c"],"inducing_commit_hash":["924bd88d703e53d30f393fac6117f8f1bc79aab6","ba82fe2e691146a92a25c85b611b436dc20f7825"]},{"id":715,"repo_name":"volatilityfoundation/volatility","fix_commit_hash":"0c7e064a6fc44d1b481abfd62708ba0b42d6e5a7","bug_commit_hash":["29ce6cf1a15372c6e7b73a1629ea1f58a531a5b7"],"earliest_issue_date":"2015-10-15T11:22:40","language":["py"],"inducing_commit_hash":[]},{"id":730,"repo_name":"jrmhaig/daemons","fix_commit_hash":"6da4cd09c0919ec8b0307ead3f149aa31c85f4c5","bug_commit_hash":["70f69a71ce1f1e19e254203d6b8bcff5abc3796c"],"earliest_issue_date":"2015-02-12T00:33:34","language":["rb"],"inducing_commit_hash":["f5c838a6806c81e3b7c76c116772dd0ebd183575","d097f4b3524774b1348ae21618627b1aaf023109","70f69a71ce1f1e19e254203d6b8bcff5abc3796c"]},{"id":761,"repo_name":"tiborsimko/invenio","fix_commit_hash":"92a3dfd2ec94be7c241b65050c56b17e8eed1a68","bug_commit_hash":["9369361849c6a21fec164fb10abb999ebc3e3748"],"earliest_issue_date":"2014-04-30T15:54:37","language":["py"],"inducing_commit_hash":["c10182a75cd01637fb93fc011f53dd0f64bea791","9369361849c6a21fec164fb10abb999ebc3e3748"]},{"id":785,"repo_name":"driftyco/ionic","fix_commit_hash":"ead5e026b964905cf96a0035c7f2bbaabaa46e5d","bug_commit_hash":["521164db786a0b836b5b8149816f50da55c6a82a"],"earliest_issue_date":"2014-06-10T00:36:50","language":["js"],"inducing_commit_hash":["521164db786a0b836b5b8149816f50da55c6a82a"]},{"id":818,"repo_name":"systemd/systemd","fix_commit_hash":"d253a45e1c147f5174265d71d7419da7bd52a88b","bug_commit_hash":["ec88d1ea0591beccab97d9096fd3fd7b09bc823c"],"earliest_issue_date":"2019-01-08T17:39:19","language":["c"],"inducing_commit_hash":["ec88d1ea0591beccab97d9096fd3fd7b09bc823c"]},{"id":841,"repo_name":"analogdevicesinc/linux","fix_commit_hash":"9c270ddc81ad9798cc5eb4a45f40950cb2a053b1","bug_commit_hash":["c559afbfb08c7eac215ba417251225d3a8e01062"],"earliest_issue_date":"2018-07-05T14:04:21","language":["c"],"inducing_commit_hash":["8344e4ea56682655fc24444318f2c94caa482613"]},{"id":855,"repo_name":"MythTV/mythtv","fix_commit_hash":"146b49029d82e6ad92ac36ef66fe14d5c4c998e0","bug_commit_hash":["b85f5bba7294faff8cacad4eb59caa72c49be801"],"earliest_issue_date":"2020-01-01T00:00:00Z","language":["py"],"inducing_commit_hash":["8334330da8befbe4f512ea86683a92bbd1134ae4"]},{"id":861,"repo_name":"LibreOffice/core","fix_commit_hash":"a288bebbcec0b16e1ced09a601de5ffbb6b1bbe0","bug_commit_hash":["83f77ab0661df992f241e5f9ecb1aa8f8eaeafec"],"earliest_issue_date":"2014-06-13T12:05:00","language":["hxx","cxx"],"inducing_commit_hash":["7460ddb0f2834f1a1e9ccd6967276d4ec0f612ac","83f77ab0661df992f241e5f9ecb1aa8f8eaeafec","295869ce95c00a0e0b192ea6bf62753f91badaf2"]},{"id":866,"repo_name":"PierreRaybaut/guiqwt","fix_commit_hash":"685112981b32686d853f3183fa3d5badacfecae5","bug_commit_hash":["851d1950ae9d319e19075f81a1cafde1ad077b4f"],"earliest_issue_date":"2020-01-01T00:00:00Z","language":["py"],"inducing_commit_hash":[]},{"id":892,"repo_name":"miguel-negrao/supercollider","fix_commit_hash":"8e39e6650d7317110b8877b2de55f29071329a87","bug_commit_hash":["de70eb6993a5f1a960b4b0a5e95bb1857ec2e262"],"earliest_issue_date":"2013-05-11T02:33:47","language":["cpp"],"inducing_commit_hash":["de8c87f1c88a002660aab84ec04e76298fc2fa28"]},{"id":946,"repo_name":"cpaasch/mptcp","fix_commit_hash":"5f0de51102589acef883a2cd46dec5fbae684541","bug_commit_hash":["115c9b81928360d769a76c632bae62d15206a94a"],"earliest_issue_date":"2012-11-21T16:26:18","language":["c"],"inducing_commit_hash":[]},{"id":984,"repo_name":"joyent/libuv","fix_commit_hash":"3a8c3987d6dcc291caef9455461d9f7d5a3443e8","bug_commit_hash":["76d831e4c828b5fbf0d561c29ad9d1e876082577"],"earliest_issue_date":"2020-01-01T00:00:00Z","language":["c"],"inducing_commit_hash":["76d831e4c828b5fbf0d561c29ad9d1e876082577"]},{"id":987,"repo_name":"ncopa/openrc","fix_commit_hash":"fbbad65b293c2254edcdfab0171bbe204464d503","bug_commit_hash":["7716bf31de5030b761613834e11e4e62f36403a5"],"earliest_issue_date":"2015-05-14T18:33:52","language":["c"],"inducing_commit_hash":["7716bf31de5030b761613834e11e4e62f36403a5"]},{"id":1005,"repo_name":"SchedMD/slurm","fix_commit_hash":"8ddec8b82f90652182cb7eddb7aa841e4fa4e639","bug_commit_hash":["1b7f5b91c18e747dd4a27fc1f64c000f04e78669"],"earliest_issue_date":"2013-06-21T05:57:00","language":["c"],"inducing_commit_hash":["1b7f5b91c18e747dd4a27fc1f64c000f04e78669"]},{"id":1013,"repo_name":"peircej/psychopy","fix_commit_hash":"bf6e399c5edbaa6fec82b0fa958ce7680b9223f5","bug_commit_hash":["9dc4e7e23536d65b6025a8ece86ad822d7f815cc"],"earliest_issue_date":"2018-02-16T15:03:01","language":["py"],"inducing_commit_hash":["9dc4e7e23536d65b6025a8ece86ad822d7f815cc"]},{"id":1022,"repo_name":"chrisforbes/mesa","fix_commit_hash":"6cf3034ba72bff55841b1e3338fbc541cd04efdc","bug_commit_hash":["4bea4cb9fd55cdb267003a6e6e16f7e903e00940"],"earliest_issue_date":"2012-12-17T00:31:00","language":["c"],"inducing_commit_hash":["9c799cdc49e9200f5a1c7c7d9787d5729b5b0082","4bea4cb9fd55cdb267003a6e6e16f7e903e00940"]},{"id":1040,"repo_name":"torvalds/linux","fix_commit_hash":"364aece01a2dd748fc36a1e8bf52ef639b0857bd","bug_commit_hash":["e7778be1eab918274f79603d7c17b3ec8be77386"],"earliest_issue_date":"2015-03-17T02:32:00","language":["c"],"inducing_commit_hash":["d581893853fa8c68d49c033ed256c85d7df53ecd","15239099d7a7a9ecdc1ccb5b187ae4cda5488ff9"]},{"id":1076,"repo_name":"codinguser/gnucash-android","fix_commit_hash":"fd7007ef21c50b1fb3b24d06ac63173b02832f5f","bug_commit_hash":["66cc5332e67e04cb6ce00c558237ea32a77bc627"],"earliest_issue_date":"2020-01-01T00:00:00Z","language":["java"],"inducing_commit_hash":["66cc5332e67e04cb6ce00c558237ea32a77bc627"]},{"id":1108,"repo_name":"ystreet/gst-plugins-gl","fix_commit_hash":"fa6d1b36c49857b0025fd3ee7f76c5e6585ee488","bug_commit_hash":["fffdcbdd3dde437e10cf6e1b5e40c6958d41e6c1"],"earliest_issue_date":"2013-12-20T15:20:00","language":["c"],"inducing_commit_hash":["fffdcbdd3dde437e10cf6e1b5e40c6958d41e6c1"]},{"id":1142,"repo_name":"pandemicsyn/statsdpy","fix_commit_hash":"c87134e6e1ce077bda066ed8a64de14089a3e259","bug_commit_hash":["7f502e81c71db748c636795b86b961cb048bfdfc"],"earliest_issue_date":"2014-02-28T17:35:22","language":["py"],"inducing_commit_hash":["2f2c55a424e607e8acf4fe6c4f23393f4781f426","7f502e81c71db748c636795b86b961cb048bfdfc","522ebc7b0a059d8055278cfd867ddcf280a8f801","af46bc885be8ad3aafc84d6838bb43d86daa4acd","7ba4583a82461fe6547aae220930b2aacfe04191","1908abfc42593557385ee15db13f9ac85c844f64"]},{"id":1247,"repo_name":"MaddTheSane/qemu","fix_commit_hash":"0dd5ce38fbeb2fb97b01cc8c1c97292211e48ee6","bug_commit_hash":["d60fa42e8bae39440f997ebfe8fe328269a57d16"],"earliest_issue_date":"2013-08-06T18:01:12","language":["c"],"inducing_commit_hash":["235f86ef01470391925e7edec71638b41ffa5537","bdb5ee3064d5ae786b0bcb6cf6ff4e3554a72990"]},{"id":1275,"repo_name":"scylladb/scylla-tools-java","fix_commit_hash":"20eb39fa192f14fec0edbe0a44db214f893876ae","bug_commit_hash":["13b64ad6e3d4841c4f7b49aef0858c196cb2b5e6"],"earliest_issue_date":"2016-05-05T08:14:36","language":["java"],"inducing_commit_hash":["13b64ad6e3d4841c4f7b49aef0858c196cb2b5e6"]},{"id":1292,"repo_name":"mconf/mconf-web","fix_commit_hash":"9875b132e7be4246229ba2962ccb84f8ae52ae79","bug_commit_hash":["73b390347d28dd03ccd500b04065b1bd517b6a2e"],"earliest_issue_date":"2016-05-08T16:03:22","language":["rb"],"inducing_commit_hash":["73b390347d28dd03ccd500b04065b1bd517b6a2e"]},{"id":1421,"repo_name":"jupyter/notebook","fix_commit_hash":"53b8e376337a6271ff4a60514b827781defd06cc","bug_commit_hash":["89b7d96ccd87d03226b7977b469e69172c39ef0e"],"earliest_issue_date":"2016-01-01T15:32:58","language":["js"],"inducing_commit_hash":["6692ea73484862c7361daa1605812cd5bf80e7bb","89b7d96ccd87d03226b7977b469e69172c39ef0e"]},{"id":1442,"repo_name":"DynamoRIO/dynamorio","fix_commit_hash":"da61ab95bece4c5c6e2791817956d07738657c72","bug_commit_hash":["3db7e9060b3e357512300ecdc92fd70eb29b1f4a"],"earliest_issue_date":"2020-01-01T00:00:00Z","language":["c"],"inducing_commit_hash":["ccc9b1e2384ff3ad1e849e5b00c3a679483aef51","3db7e9060b3e357512300ecdc92fd70eb29b1f4a","cc62991d6988af894942a5ea2f5e3cba3087f847"]},{"id":1464,"repo_name":"systemd/systemd","fix_commit_hash":"2301c54fa91379f5fe2458e28ed902aff5cf12d2","bug_commit_hash":["e1f717d4a02e15ae11a191dd4962b2f4d117678d"],"earliest_issue_date":"2019-01-27T23:54:03","language":["c"],"inducing_commit_hash":["e1f717d4a02e15ae11a191dd4962b2f4d117678d"]},{"id":1486,"repo_name":"codemirror/CodeMirror","fix_commit_hash":"b4ec855fe599b9ac9048957a5bb2e8cd88a75b7d","bug_commit_hash":["329b9e6ec334f92cf615644d0602090cb3f79d38"],"earliest_issue_date":"2016-10-14T01:02:33","language":["js"],"inducing_commit_hash":["329b9e6ec334f92cf615644d0602090cb3f79d38","6ddab774c022754022106330ba966a74faae7ced","8a48219a5ec380aacf938cc7d5438dd85a187e31"]},{"id":1594,"repo_name":"libvirt/libvirt","fix_commit_hash":"b91a33638476cf57d910b6056a8fc11921edd029","bug_commit_hash":["cb3fe38c74bd1fb4ef76c64c045cf48467a9d259"],"earliest_issue_date":"2020-01-01T00:00:00Z","language":["c"],"inducing_commit_hash":["29cc45cb792520c27ff9c55863bf4845dfcb0c97","75db9997a0b91622030d0b02e704f2281e89f006","606a01339563b5371f21a9b2c10ef818c0557fb1","46cf0cefa0168a0d929ca87010f59e1cba6c689b"]},{"id":1635,"repo_name":"audacity/audacity","fix_commit_hash":"8b532546c905af1168a5d654dc71dda6a5188af5","bug_commit_hash":["da66806bc0a1c5ef517a8403621a2e2dae401f0e"],"earliest_issue_date":"2019-12-28T20:55:00","language":["cpp"],"inducing_commit_hash":[]},{"id":1638,"repo_name":"jandecaluwe/myhdl","fix_commit_hash":"7fea7bdd9dccb23d8aa235215b8aefa2b016541f","bug_commit_hash":["08519b452f153885d3cc43038111b7779e2bb2f1"],"earliest_issue_date":"2015-05-27T15:43:11","language":["py"],"inducing_commit_hash":["08519b452f153885d3cc43038111b7779e2bb2f1"]},{"id":1736,"repo_name":"JuliaLang/julia","fix_commit_hash":"25c6cc121162e7fdb687cd576cece24157e58994","bug_commit_hash":["17348360ab9e61c5a66618b9f3cbb990e24e90de"],"earliest_issue_date":"2016-05-23T08:44:00","language":["c"],"inducing_commit_hash":["92eafc0b8730ef04a5ff10bc8473ed589f7dd7a5","17348360ab9e61c5a66618b9f3cbb990e24e90de","3844d8bb4fc563bb0297869fb166138d3e89776a","22dfad54137180245db7bb630a9a3f19485e10d6","74dc63704b3b4b9f8b667a8e68e64678d1cf7725","d55c116731b815feecd6e31c7c625edf391abcaf"]},{"id":1759,"repo_name":"systemd/systemd","fix_commit_hash":"5ce41697bd3ddc19cd6e1e6834751082ca0c8b02","bug_commit_hash":["a3ce813697bcc1c4644e097a2f1cd0459326d6ee"],"earliest_issue_date":"2019-02-05T12:58:34","language":["c"],"inducing_commit_hash":["a3ce813697bcc1c4644e097a2f1cd0459326d6ee"]},{"id":1773,"repo_name":"hughsie/colord","fix_commit_hash":"301f24d02158f1e12a2e7ccdf9970d02ecddd534","bug_commit_hash":["b6f7c4d117a06f059a6e852e2dce8c13a3bb1f2c"],"earliest_issue_date":"2015-02-09T14:21:00","language":["c"],"inducing_commit_hash":["49170ad2544f4a0a17164f2b622d1e52a86f8ac7"]},{"id":1774,"repo_name":"gaearon/react","fix_commit_hash":"c77411b1af3abe62d35c981089dca6e4624cf44c","bug_commit_hash":["94d0dc68c89c0292cd430976a7dafb95f8d13cf4"],"earliest_issue_date":"2016-05-25T23:07:00","language":["js"],"inducing_commit_hash":["f846edcbea793370caceb59659fcc4091a9c310f"]},{"id":1849,"repo_name":"duojs/pack","fix_commit_hash":"511da67a8e6f08c8ca2e5b68ec3f01c323b561cc","bug_commit_hash":["8d6c6264cf87db9f39788232ba3bea69209ec20a"],"earliest_issue_date":"2015-06-23T15:17:39","language":["js"],"inducing_commit_hash":["16b67ad3d728d525af367f1d89b39f37f42bc408","8d6c6264cf87db9f39788232ba3bea69209ec20a","dce9d36f6d9a1e1c5107bfeedc66b89be14340b5"]},{"id":2014,"repo_name":"Freeyourgadget/Gadgetbridge","fix_commit_hash":"4dbc255ad5d6313a5a6badd0310362e1e03789ca","bug_commit_hash":["d8894d315ac36c678d84ed5a6d861b907cbe272f"],"earliest_issue_date":"2017-04-07T07:07:19","language":["js"],"inducing_commit_hash":["d8894d315ac36c678d84ed5a6d861b907cbe272f"]},{"id":2015,"repo_name":"GMOD/jbrowse","fix_commit_hash":"2b84a5183684d8499131d99a2127a32cebef13ae","bug_commit_hash":["e068cca8faee253f273647adb14c4ca861c14e60"],"earliest_issue_date":"2013-10-04T14:53:04","language":["js"],"inducing_commit_hash":["e068cca8faee253f273647adb14c4ca861c14e60"]},{"id":2043,"repo_name":"cheton/cnc","fix_commit_hash":"8a1a94be3f4015df93275c113808bce99567641d","bug_commit_hash":["c9c78d9409c45e369dd7c92929788915c88a4e55"],"earliest_issue_date":"2016-12-04T17:50:11","language":["js"],"inducing_commit_hash":["c9c78d9409c45e369dd7c92929788915c88a4e55"]},{"id":2073,"repo_name":"rohgarg/dmtcp-1","fix_commit_hash":"0ee50a55117e3baeef6aea422acf5bf56a69e82a","bug_commit_hash":["9a02dab48af77a0cde0a139eafc3fca98ebf42a9"],"earliest_issue_date":"2017-04-03T23:30:15","language":["cpp"],"inducing_commit_hash":["beff6f5bc84c2024fd556af6152f6647fd638900"]},{"id":2091,"repo_name":"systopia/de.systopia.signatures","fix_commit_hash":"e596fb69b1d9224321bfd2ae0775d95926217763","bug_commit_hash":["b00c25b1a8208d98a06bc70f102c2e017971f6d0"],"earliest_issue_date":"2020-01-14T17:10:54","language":["php"],"inducing_commit_hash":["b00c25b1a8208d98a06bc70f102c2e017971f6d0"]},{"id":2148,"repo_name":"GNOME/gnome-shell","fix_commit_hash":"08506eac2d422bfe586e5aa1de514b9ede408e84","bug_commit_hash":["3c8c5a5570592b2a45c7e02823e1812680a16d87"],"earliest_issue_date":"2015-08-03T13:54:00","language":["js"],"inducing_commit_hash":[]},{"id":2196,"repo_name":"nydailynews/restaurant-guide","fix_commit_hash":"02cfaa2a96c106cb902c5b96896b344f8980beb3","bug_commit_hash":["798a94c6de7ba1ecb9dc793c08444d1407f423a7"],"earliest_issue_date":"2017-04-17T22:11:12","language":["js"],"inducing_commit_hash":["9d2d598061ef0b97d3d9e2c1078c9e9ba469f60d","798a94c6de7ba1ecb9dc793c08444d1407f423a7","6b7f7554a0a9de770280daae2bc922b675b86d8b","2c61199c0192d9b80b288cc2b1edf8e98870bf1b"]},{"id":2224,"repo_name":"systemd/systemd","fix_commit_hash":"a8cabc612b16834260831a8163ae4b479b5c33a5","bug_commit_hash":["6c47cd7d3bf35c8158a0737f34fe2c5dc95e72d6"],"earliest_issue_date":"2017-10-10T23:07:46","language":["c"],"inducing_commit_hash":["6c47cd7d3bf35c8158a0737f34fe2c5dc95e72d6"]},{"id":2245,"repo_name":"mtaylor/activemq-artemis","fix_commit_hash":"9a905ceef3bd7d78f61dff3c902ac4b38d19215b","bug_commit_hash":["4b47461f03a607b9ef517beb2a1666ffae43a2a7"],"earliest_issue_date":"2017-03-28T08:45:58","language":["java"],"inducing_commit_hash":["bac96047f5752647fb0ebf01bacbcfb36f715e06","4b47461f03a607b9ef517beb2a1666ffae43a2a7","8ecd255f981e5d806173cf86f6fac9c4c7c25167","6afde8f45aaa4f6a477066f3bc85fa8f89718a1d"]},{"id":2271,"repo_name":"jbottel/TARS","fix_commit_hash":"2f31ccc73ef1e8b920779cf453379953a933cfaf","bug_commit_hash":["2d9c03a398a1213e6f8d09c291cca5ed2854fee2"],"earliest_issue_date":"2015-04-03T22:15:31","language":["js"],"inducing_commit_hash":["2d9c03a398a1213e6f8d09c291cca5ed2854fee2"]},{"id":2321,"repo_name":"spring-projects/spring-framework","fix_commit_hash":"813108a928fd50a1fb87e9333b974b6e7242b117","bug_commit_hash":["0adc4921ed4eadba531f12fdaa5faaf36265029b"],"earliest_issue_date":"2020-01-01T00:00:00Z","language":["java"],"inducing_commit_hash":["0adc4921ed4eadba531f12fdaa5faaf36265029b"]},{"id":2329,"repo_name":"federicomariamassari/willow-tree","fix_commit_hash":"8b769ec8c9017bc13575220bf7b42b2b60057962","bug_commit_hash":["dec5db55f1f0869bd0a08757d054682d9bdcb997"],"earliest_issue_date":"2020-01-01T00:00:00Z","language":["py"],"inducing_commit_hash":["ae8d537292c71a00a765a76bd8caa947ce524b77","c66326a406126cbcb1324439d3035dd2d11ea90c","dec5db55f1f0869bd0a08757d054682d9bdcb997"]},{"id":2331,"repo_name":"dials/dials","fix_commit_hash":"6fffea1e580885d388efe97da2cdaecc74fdd8f3","bug_commit_hash":["6b5f05af44d9287841bf502d4e82b97e377bc59b"],"earliest_issue_date":"2019-07-01T13:33:10","language":["py"],"inducing_commit_hash":["b1acc0de527b00b32ce88d37e1e54bef810a32c3"]},{"id":2356,"repo_name":"toladata/TolaActivity","fix_commit_hash":"e192b0b254a339bb7861dc8b2932305c754672a4","bug_commit_hash":["34e1a2a106ad78c88161860a35d53cfbc2ab154a"],"earliest_issue_date":"2017-04-21T11:58:15","language":["py"],"inducing_commit_hash":["e57b6b1ad9349ca9d1fba6eaf756653f5779d514","e4618ac0948d5e63a839b667a7399409dc18e413"]},{"id":2359,"repo_name":"haikuports/haikuporter","fix_commit_hash":"13b41e85f1829d7938eeb7e331b4f435ae8c7023","bug_commit_hash":["210c9e5ebe4784b2000b51bd0792ad45808365b4"],"earliest_issue_date":"2016-03-06T14:46:08","language":["py"],"inducing_commit_hash":["210c9e5ebe4784b2000b51bd0792ad45808365b4"]},{"id":2380,"repo_name":"RobbertProost/qtbase","fix_commit_hash":"7286d9d8dd1f8543007218a91d5c6767a7a7b152","bug_commit_hash":["422838685c31d9b57133a8711bfd5db92095d96d"],"earliest_issue_date":"2018-03-06T10:54:17","language":["cpp","h"],"inducing_commit_hash":["c585802e946d97e7d177ea334a162dc7bc286b84","4469de4ce7a72ab6824629bfe8483131aaf22137","15b0b3db29636a94f98f5c7cd6d7a33c15bd6421","422838685c31d9b57133a8711bfd5db92095d96d","dea76f3496ee077e271b334c7e8101fed5119481","1aea3c1229556d2a692194c615844579f315e3be"]},{"id":2392,"repo_name":"nithinmurali/pygsheets","fix_commit_hash":"c14dcc80b65c6435dce3ee5373e9ab4070348920","bug_commit_hash":["4cad31d25e9d57a9a85a90f62dc718b3f733dfa1"],"earliest_issue_date":"2020-01-01T00:00:00Z","language":["py"],"inducing_commit_hash":["4cad31d25e9d57a9a85a90f62dc718b3f733dfa1"]},{"id":2401,"repo_name":"creesch/reddit-moderator-toolbox","fix_commit_hash":"19fa757a0f7d9870c971a228a3ac112ea98859dc","bug_commit_hash":["6c2ec3c78b1be282b098a631a2d66070f1ff4fcc"],"earliest_issue_date":"2015-04-11T03:35:54","language":["js"],"inducing_commit_hash":["6c2ec3c78b1be282b098a631a2d66070f1ff4fcc"]},{"id":2433,"repo_name":"yuwata/systemd","fix_commit_hash":"3f856a2813359ad8203ccad388e54ff41a9ecaf1","bug_commit_hash":["cffaed83e87bde81378b2be74192193850d0e03a"],"earliest_issue_date":"2017-10-18T18:15:37","language":["c"],"inducing_commit_hash":["cffaed83e87bde81378b2be74192193850d0e03a"]},{"id":2475,"repo_name":"atari800/atari800","fix_commit_hash":"e90f6b3492aacdcc32b9a58545cc9bc3ee8bd7a8","bug_commit_hash":["5f6d891ac1023917133c2ec560dad3eaa27e90d7"],"earliest_issue_date":"2020-02-02T19:37:30","language":["c"],"inducing_commit_hash":["789a2687ed27152c0eb2288ed58144611b08421b"]},{"id":2513,"repo_name":"INRIA/spoon","fix_commit_hash":"1a9b670225b1cf2586e80cde24c4ce9bfdf06da4","bug_commit_hash":["adb2fd7420b3bf01e696be87f4791759bfb6de53"],"earliest_issue_date":"2016-12-19T16:24:28","language":["java"],"inducing_commit_hash":["7b1204417230cbba54a9f31d79ac70662607c774","adb2fd7420b3bf01e696be87f4791759bfb6de53","a94e255b6daf319d9c13bd1d4d0510c58bdd7733"]},{"id":2546,"repo_name":"vatesfr/xen-orchestra","fix_commit_hash":"29fc17f2605fece05375d147c22096ed9e995578","bug_commit_hash":["ba6b968256a785f03fafe2500567e1bdf757a904"],"earliest_issue_date":"2018-08-10T08:09:20","language":["js"],"inducing_commit_hash":["7990e45095a35f2cddddb33183d1b233b5e7ad0f","2e0df47581472c9b5b22f97e31066f1d8bdafecb","ba6b968256a785f03fafe2500567e1bdf757a904","7cb720b11fee2f861b56a5494bfb5e22fbed9c97"]},{"id":2558,"repo_name":"AIFDR/inasafe","fix_commit_hash":"0e064c2b1c8f06f4ba389d01dbe6ddbd6f32f336","bug_commit_hash":["c6d83eedba7852fd84a85f4392395cc65766f43a"],"earliest_issue_date":"2015-08-26T03:04:41","language":["py"],"inducing_commit_hash":["3ebc8dc1cefbbe1333ae856517bdea1aec7a34ba"]},{"id":2596,"repo_name":"OpenSIPS/opensips","fix_commit_hash":"8e80335f324b16680e60a9cb04ff012ea88ca615","bug_commit_hash":["8c8f27f6091289061f6aaf0d3c85ccd27db80a0d"],"earliest_issue_date":"2019-07-08T15:41:02","language":["c"],"inducing_commit_hash":[]},{"id":2606,"repo_name":"mesa3d/mesa","fix_commit_hash":"da76dfb5159c2ca8ee24d64a5f85a68f28b70c65","bug_commit_hash":["a8ec4082a41830cf67a4fd405402fd2d820722fd"],"earliest_issue_date":"2020-01-13T12:00:39","language":["cpp"],"inducing_commit_hash":["acd7796a079bd4ac0cadb2e6bb73033e79310aaf"]},{"id":2641,"repo_name":"joshdick/miniProxy","fix_commit_hash":"0cb108f0ec6fb52472becfa705e674f58f75dcb8","bug_commit_hash":["8f77479c2a5ba8884fb4fa5131a2657da3b2dfc4"],"earliest_issue_date":"2020-01-01T00:00:00Z","language":["php"],"inducing_commit_hash":["2fdf25523e76749c79af7d03fa796952700045ee","1e8b5a44059076aafb9ee62a0eb3644ad292661a","49f93e3afb1b14a0a9e8e67cbf3d73ea79cedce9","d1073966866d84048bf44f4f1c3050775f59f81e","5265fce5e608112d2c013815978b3fcb1e8d6547"]},{"id":2649,"repo_name":"nouiz/Theano","fix_commit_hash":"d714304c311d8e9bf9b88eac92a89d04af99e470","bug_commit_hash":["41a8e89b63f5b4d4f9a0b942554ed5483e1ceab5"],"earliest_issue_date":"2015-09-10T17:35:21","language":["py"],"inducing_commit_hash":["41a8e89b63f5b4d4f9a0b942554ed5483e1ceab5"]},{"id":2664,"repo_name":"KDE/kwin","fix_commit_hash":"9334d0ac48239156d7e6d2e08c626852fca8b164","bug_commit_hash":["efedddd905c3e4998d164f7702f7cdca4f7fd160"],"earliest_issue_date":"2017-05-11T19:39:00","language":["cpp","h"],"inducing_commit_hash":["877c33fe7d2b1bc72f5fb103cf0c59d68938e318","c52f54226135fd1fa9341855311662eff4908355"]},{"id":2700,"repo_name":"dials/dials","fix_commit_hash":"04b8dce6cbd23cdf69254cb07deb6f988439a267","bug_commit_hash":["89e0a64ab297d35f713ae479089b85ff1513ede5"],"earliest_issue_date":"2017-01-06T11:49:46","language":["py"],"inducing_commit_hash":["89e0a64ab297d35f713ae479089b85ff1513ede5","4a2445969eafa18ee9af76b27a434975ad7ef1ef"]},{"id":2719,"repo_name":"analogdevicesinc/libiio","fix_commit_hash":"a471761d866b8e02f0143a83c1842d02f9e35184","bug_commit_hash":["9d77ca0914297b03358e206cf0aef7bf6f2829b3"],"earliest_issue_date":"2016-12-15T18:04:10","language":["c"],"inducing_commit_hash":["f0ee0c5b708b1d2b55e9cf4e61d163825df47187","0bff4aec1db9aa90b0ba539249ad9000e19886f9","bcc86ee7c78b3a2c69e8d51e37c66fe3233b5204","9d77ca0914297b03358e206cf0aef7bf6f2829b3","2f214da634a2f32aa4be9e90fdbc3541c2116ef6"]},{"id":2727,"repo_name":"rstudio/rstudio","fix_commit_hash":"36b13dfdf0c4f89a22f12c9cb659b0ad2e33a8a4","bug_commit_hash":["2b7bff8f28b37d73d6063338b511cedd9caa5fae"],"earliest_issue_date":"2017-12-06T17:05:41","language":["java"],"inducing_commit_hash":[]},{"id":2754,"repo_name":"fwupd/fwupd","fix_commit_hash":"5c7e17276c8eb0c2a845cecb7d644a4bccf80519","bug_commit_hash":["e076d48afb74d1447936d353f12781755f13b047"],"earliest_issue_date":"2020-02-13T16:26:34","language":["c"],"inducing_commit_hash":["34c366aab26d05bb968c088938a979eb599e9138","e076d48afb74d1447936d353f12781755f13b047"]},{"id":2760,"repo_name":"systemd/systemd","fix_commit_hash":"a289dfd69b3ff4bccdde93e84b67c947bafa27e1","bug_commit_hash":["7fdb237f5473cb8fc2129e57e8a0039526dcb4fd"],"earliest_issue_date":"2019-01-27T00:07:00","language":["c"],"inducing_commit_hash":["7fdb237f5473cb8fc2129e57e8a0039526dcb4fd"]},{"id":2804,"repo_name":"KiCad/kicad-source-mirror","fix_commit_hash":"2832f997c57ba1e080146caf0c0bcaf6a9bb4465","bug_commit_hash":["ba1e0efdadd731de11482c7287e69abf6c2a1c9c"],"earliest_issue_date":"2018-05-13T18:18:57","language":["cpp"],"inducing_commit_hash":[]},{"id":2824,"repo_name":"kezabelle/django-shouty-templates","fix_commit_hash":"c8b615f205e6df605a9ae4dc005f068e59ea4316","bug_commit_hash":["4b1b3bdc8a702b2b6b23b51cb0799df2291c027f"],"earliest_issue_date":"2020-01-01T00:00:00Z","language":["py"],"inducing_commit_hash":["4b1b3bdc8a702b2b6b23b51cb0799df2291c027f"]},{"id":2828,"repo_name":"magnumripper/JohnTheRipper","fix_commit_hash":"0a3bd5018ad72b6e9e4ea86755f8e4ecdc755ba0","bug_commit_hash":["27c9bf1794d5c76bd11976c0c3704b25d31918eb"],"earliest_issue_date":"2017-12-25T00:02:12","language":["c"],"inducing_commit_hash":["27c9bf1794d5c76bd11976c0c3704b25d31918eb"]},{"id":2846,"repo_name":"fish-shell/fish-shell","fix_commit_hash":"eff2a3c3a369b5c48fdd4f10236d18358bf00531","bug_commit_hash":["c114cbc9af4b5a07fb6e87b50f36e78aa8aba615"],"earliest_issue_date":"2017-05-27T13:18:44","language":["cpp"],"inducing_commit_hash":["c114cbc9af4b5a07fb6e87b50f36e78aa8aba615"]},{"id":2853,"repo_name":"OSGeo/gdal","fix_commit_hash":"4470ea897eda9272e9b5dd3edb00c2855b0b88e7","bug_commit_hash":["977f2da59e46852f49534361860bb92f9c6ad1fd"],"earliest_issue_date":"2019-03-15T08:05:00","language":["py","cpp"],"inducing_commit_hash":["977f2da59e46852f49534361860bb92f9c6ad1fd"]},{"id":2856,"repo_name":"servalproject/serval-dna","fix_commit_hash":"90e338f239f9c2afb9a7fe968584b332ef43626e","bug_commit_hash":["c2103e3b86a1032264845d0b80f6712d65004c48"],"earliest_issue_date":"2018-05-16T11:37:51","language":["c"],"inducing_commit_hash":["c2103e3b86a1032264845d0b80f6712d65004c48"]},{"id":2857,"repo_name":"SonMinWoo/AnsanBladeWind","fix_commit_hash":"f30183df7062fabf389dffb10c87d80180924cac","bug_commit_hash":["4bfaa3bfabc8d92202e0770b26ca4304e6022d04"],"earliest_issue_date":"2020-01-01T00:00:00Z","language":["py"],"inducing_commit_hash":["4bfaa3bfabc8d92202e0770b26ca4304e6022d04"]},{"id":2864,"repo_name":"cosmocode/dokuwiki-plugin-struct","fix_commit_hash":"f0ee60b954b9647d3eb2249b991590b08ad39158","bug_commit_hash":["ff2afc7c7bdf9f04b6bc2917af42ff865757c54d"],"earliest_issue_date":"2018-06-02T00:42:19","language":["php"],"inducing_commit_hash":["ff2afc7c7bdf9f04b6bc2917af42ff865757c54d","6822dd25a0794a243305ee8fe6a558b1bdb56211","f107f479f012223bf40b4635e52c57f37c706200"]},{"id":2890,"repo_name":"garbagemule/MobArena","fix_commit_hash":"ba41e51e48cc168dd8fc37f8db14db7b9fa16d65","bug_commit_hash":["88ddbe5ac6ac5aa0f18ade50aa376b25546fb058"],"earliest_issue_date":"2019-07-28T08:49:23","language":["java"],"inducing_commit_hash":["88ddbe5ac6ac5aa0f18ade50aa376b25546fb058"]},{"id":2902,"repo_name":"OpenFastPath/ofp","fix_commit_hash":"9198abdc2c5e0c4929545e4a69f714e6549b8ea6","bug_commit_hash":["af101aa4e648b020886fc36b51df4cc80e2c98a9"],"earliest_issue_date":"2017-04-30T23:36:54Z","language":["c"],"inducing_commit_hash":[]},{"id":2911,"repo_name":"apache/bookkeeper","fix_commit_hash":"477ff2b594afd4017f6fb9e8f294c9b2a75b0d6a","bug_commit_hash":["e33ec10aa400f32c2e0278c15ea80a0f624e5919"],"earliest_issue_date":"2017-12-22T00:35:45","language":["java"],"inducing_commit_hash":["b6c1a8bbd7c2d44c2edb59d9938fa073f6f478de","ee0dddee6849d1968500af666571df668d34393a","c8255f8c5f73a2353293ec1d9612dbb98f291ccc","ed7696b130a0b7b6fb63b4d37c4a873fa1f8f96f","a4bded985ca1346a17ee0dcf08fe9dcd570dcfb7","ba7db47ab912269eca160bc1112f46cc417688d1","8399707f054e5d387e1af18384efab4cd1b26e57"]},{"id":2960,"repo_name":"pimcore/pimcore","fix_commit_hash":"592731f0ba3eb66d2eb954f7a5a6d25ed6392c2d","bug_commit_hash":["48c0bc37dd3ba79335669f44979721be7ff25402"],"earliest_issue_date":"2020-01-01T00:00:00Z","language":["php"],"inducing_commit_hash":[]},{"id":3056,"repo_name":"ntpsec/gpsd","fix_commit_hash":"bc05cd99b1f8091dce8d5861bcc65cf05443bc64","bug_commit_hash":["8c29500cd1e90281bb308894eda4989079ac5142"],"earliest_issue_date":"2020-03-03T01:13:38","language":["c","h"],"inducing_commit_hash":["8c29500cd1e90281bb308894eda4989079ac5142","1998c0301f6f9542bf5dd51e8d18f3d7f4e76023","0c4a5a791a4a6f0cab765cc53fc8556834c975fd","d573edc09cafe77dbb671c3ada03f2d56f580c2f","cfd75178762a5b8f27c758bb97d8e58c66172c9e","e78d969bba817247dab11db9f366ac4ae4e5ac37","574a52109b76e59e71fd4a8099ba0493e47e1e41"]},{"id":3057,"repo_name":"eclipse/sumo","fix_commit_hash":"87b453d1bd6d0d31df086d12acc63de608c5ed94","bug_commit_hash":["5fc383ed4c19b23cc3e7911746b2b898c49506ba"],"earliest_issue_date":"2020-01-01T00:00:00Z","language":["cpp"],"inducing_commit_hash":["5fc383ed4c19b23cc3e7911746b2b898c49506ba"]},{"id":3096,"repo_name":"GothenburgBitFactory/timewarrior","fix_commit_hash":"0b39a83a929e127f2312c4efb85b005d646de412","bug_commit_hash":["86bb1465e867d5d6af5506795b8e8ceace39cfbb"],"earliest_issue_date":"2020-02-29T21:20:42","language":["cpp","h"],"inducing_commit_hash":["86bb1465e867d5d6af5506795b8e8ceace39cfbb","182cd5b0b4f81688c99852c721de5645a03207cb","9dd106116c496b710570b5270119fed758c76c0a","39855f800675efb4a9a31677620154fbe4592f28"]},{"id":3101,"repo_name":"Katello/katello","fix_commit_hash":"8f205ad6e865ed4ecdd14154c20655f78a200b92","bug_commit_hash":["d9c0492a01c9f4e6bca0a93c7540a6575f716b8c"],"earliest_issue_date":"2018-08-24T07:47:00","language":["rb"],"inducing_commit_hash":["d9c0492a01c9f4e6bca0a93c7540a6575f716b8c"]},{"id":3127,"repo_name":"tarantool/tarantool","fix_commit_hash":"8c4b28a18878d72f6fe1f6c109e50d1cf8e55d6b","bug_commit_hash":["dbfd515f62d0c7c8e022581527b8c5f0b178d520"],"earliest_issue_date":"2017-06-22T08:35:26","language":["c","h"],"inducing_commit_hash":["dbfd515f62d0c7c8e022581527b8c5f0b178d520","a0d27684a6d6ab9299398f4ea5a9462ee15deefe","d66f637a256b043f44541bcbc20d91e96194409f","818208c41edb9a00a39a700a2aeac948afed01ba","9719b28a37e14a745ce8f95f02a511fb984745a9","3ee71b9edd01a502feb8285873201dbd8ceab170","d5fbca50ff684c77bf68643f94f4a3a0016b7cc5","824ceb32aca3273de4d9eae7838e0a9341998de6","2fabcd62c206a50d79f36cdf6288cf96d792e29c","38eeff4702bcca279fa47176436ba33158c0d760","dfe9680703c349909e2250e7f5a2a4647bd7d69e","de27e27883bd37daf8e43cb9ce6db014d3bc7496","9e5f37573b0887009349dbc9ca620e5696a9e387","0b1730659e1cb0c75b6f65b0918c5ac81e1cae7e","a41a658c8ea5e76d83e9fb514f14bbee152331d3"]},{"id":3164,"repo_name":"nirizr/rematch","fix_commit_hash":"14443194d23e3b301c178ca28fd6e7b23de86a38","bug_commit_hash":["46303c42d60c9f7a6a3e769b0c903e270643742a"],"earliest_issue_date":"2017-07-10T19:29:37","language":["py"],"inducing_commit_hash":["16965ec336beeb6f9068993c0987a88fb5fa3268"]},{"id":3189,"repo_name":"qt/qtbase","fix_commit_hash":"f2f1a93c58b6cb88f3cd0655e95ccd5ad99286d0","bug_commit_hash":["d493f676a38f000dd9c22dee6eea2b5ae4291e0a"],"earliest_issue_date":"2019-07-19T09:09:39","language":["cpp"],"inducing_commit_hash":["d493f676a38f000dd9c22dee6eea2b5ae4291e0a"]},{"id":3218,"repo_name":"trezor/trezor-firmware","fix_commit_hash":"34ec1ed294edb2b2245c3baf14a08b818c8194d9","bug_commit_hash":["bb2556a22cd3ffdc612a06da7d40eeb36a38de10"],"earliest_issue_date":"2019-08-27T15:04:21","language":["py"],"inducing_commit_hash":["eda280213fde156f45bbfc183dcf464a2502e758"]},{"id":3222,"repo_name":"tianocore/edk2","fix_commit_hash":"df43ea6c08100487776bb0962c657d214e345ae7","bug_commit_hash":["94459080c118049aba927ec0444ba5b750b7d2c9"],"earliest_issue_date":"2019-08-28T07:47:00","language":["py"],"inducing_commit_hash":["e8449e1d8e3b40186eb16ff25242397cffb00a63","94459080c118049aba927ec0444ba5b750b7d2c9"]},{"id":3225,"repo_name":"zephyrproject-rtos/zephyr","fix_commit_hash":"08222c2e64e0fa4baac2e5892453e6fd9ff2513c","bug_commit_hash":["c88155fd2d4119b970e9dfe3a705be70989d80d6"],"earliest_issue_date":"2020-03-05T14:49:45","language":["c"],"inducing_commit_hash":["c88155fd2d4119b970e9dfe3a705be70989d80d6"]},{"id":3236,"repo_name":"projectacrn/acrn-hypervisor","fix_commit_hash":"be0a4b692bfdea083f7ae38cb31ff5410759bf83","bug_commit_hash":["fc3d19bee4b2f42af111f5235b9d9ac67347ca6d"],"earliest_issue_date":"2020-01-01T00:00:00Z","language":["c"],"inducing_commit_hash":["fc3d19bee4b2f42af111f5235b9d9ac67347ca6d","55a5876eba6a142ca50e1e6b05c25cc7ef5e100a"]},{"id":3240,"repo_name":"OSGeo/gdal","fix_commit_hash":"26e1f9bdbd9c6e1eb91451fa5db6fb28d505f966","bug_commit_hash":["feba3e02b56cfd80e5e98cfd3a822fad3bf521ba"],"earliest_issue_date":"2019-04-24T14:36:33","language":["py","cpp"],"inducing_commit_hash":["feba3e02b56cfd80e5e98cfd3a822fad3bf521ba"]},{"id":3248,"repo_name":"yuwata/systemd","fix_commit_hash":"a62b7bb79e9a2aa683624c32cde1c756d8466fb4","bug_commit_hash":["f1368a333e5e08575f0b45dfe41e936b106a8627"],"earliest_issue_date":"2019-04-24T15:00:55","language":["c"],"inducing_commit_hash":["e5719363f54c8c45233ded86b5b18feb36b601f7","f1368a333e5e08575f0b45dfe41e936b106a8627"]},{"id":3251,"repo_name":"KiCad/kicad-source-mirror","fix_commit_hash":"5813164d159c12c920b969b58ef6318e211758a3","bug_commit_hash":["e312e2b28679dc6d68de682f95f8bb83489801dd"],"earliest_issue_date":"2019-04-24T20:53:41","language":["cpp"],"inducing_commit_hash":["e312e2b28679dc6d68de682f95f8bb83489801dd"]},{"id":3336,"repo_name":"tianocore/edk2","fix_commit_hash":"0dee1d1358c95e07637876af1f508f0fd694a809","bug_commit_hash":["8ddec24dea74a7e172cb67d5bcaf6c74db3ac6f9"],"earliest_issue_date":"2019-11-20T07:35:00","language":["py"],"inducing_commit_hash":["8ddec24dea74a7e172cb67d5bcaf6c74db3ac6f9"]},{"id":3381,"repo_name":"spring-projects/spring-boot","fix_commit_hash":"1ceb96f9f2644a1ad4ef0920ef3b6affcd73d3ed","bug_commit_hash":["5938ca78b6e6bd86364b6fdae7a84fcf7f65e761"],"earliest_issue_date":"2019-09-12T11:20:38","language":["java"],"inducing_commit_hash":["5938ca78b6e6bd86364b6fdae7a84fcf7f65e761"]},{"id":3389,"repo_name":"OSGeo/gdal","fix_commit_hash":"1dfcf57bd10cf2c6bb35c21bfc0f2a77f9bf1e79","bug_commit_hash":["2a4297e66916648eeead799fa1220bc061eb0e69"],"earliest_issue_date":"2019-05-14T09:21:53","language":["cpp"],"inducing_commit_hash":["6178bec50b75692f55525309de4afb3a14efb2d6","0111e16f7d53919352a5607c62c1d0dc3e111377","2a4297e66916648eeead799fa1220bc061eb0e69"]},{"id":3406,"repo_name":"qt/qtbase","fix_commit_hash":"2e0c29a4bbe2b3ae427137e65f179b0550dcf169","bug_commit_hash":["e02293a76d21e7077f1952d4ed8af6c6d1970190"],"earliest_issue_date":"2020-01-20T21:22:14","language":["cpp"],"inducing_commit_hash":["38be0d13830efd2d98281c645c3a60afe05ffece"]},{"id":3418,"repo_name":"hansec/fortran-language-server","fix_commit_hash":"6a36d621c1920b22d5f3bf02abe1145afd6859ac","bug_commit_hash":["5d759bb12728dd072d69b72993ef74e41505990d"],"earliest_issue_date":"2020-04-01T22:11:51","language":["py"],"inducing_commit_hash":["5d759bb12728dd072d69b72993ef74e41505990d"]},{"id":3441,"repo_name":"chris2511/xca","fix_commit_hash":"2a0f96e8108566e8ee3b6f7155da6a5d9b5d5a59","bug_commit_hash":["dcd940b6b89900c9365e1d88055b4adf01f3f80c"],"earliest_issue_date":"2018-06-14T08:40:29","language":["cpp"],"inducing_commit_hash":["dcd940b6b89900c9365e1d88055b4adf01f3f80c"]},{"id":3469,"repo_name":"duplicati/duplicati","fix_commit_hash":"a567b467dc1bc7cc5de233c9fbff0e8d75b0c8b2","bug_commit_hash":["f9022fec66cf33cb28e039b3046c31a111008493"],"earliest_issue_date":"2018-10-26T16:26:53","language":["cs"],"inducing_commit_hash":["f9022fec66cf33cb28e039b3046c31a111008493"]},{"id":3545,"repo_name":"ManifoldScholar/manifold","fix_commit_hash":"01133c2a5792d25a7084186c276cd339f2fe74b8","bug_commit_hash":["ab61beb2e2d452f53d4944262a5ff976ef75facd"],"earliest_issue_date":"2019-10-02T19:13:31","language":["js"],"inducing_commit_hash":["ab61beb2e2d452f53d4944262a5ff976ef75facd"]}]