[
    {
        "id": 0,
        "repo_name": "luk-/npm",
        "fix_commit_hash": "5829ecf032b392d2133bd351f53d3c644961396b",
        "bug_commit_hash": ["2f7fd625a0f2"],
        "earliest_issue_date": "17/11/2011",
        "issue_urls": ["https://github.com/npm/npm/issues/1727"],
        "language": []
    },
    
    {
        "id": 0,
        "repo_name": "ahobson/ruby-pcap",
        "fix_commit_hash": "0ad41d0684c2ec4c2a6b604f7aafbaf9f0459dcc",
        "bug_commit_hash": ["272f03ff3b5bf79829f80c2febd004904d64006e"],
        "best_scenario_issue_date": "1 Jun 2011, 06:05 CEST",
        "issue_urls": [],
        "language": []
    }
]

